2015-11-19,32,-13,45,333.00999999999999,-2.4000000000000341,-0.71554217226678807,84955.199999999997,9158.4700000000012,333.00999999999999,84955.199999999997,12.082935503945885
2015-11-18,40,-8,48,335.41000000000003,-0.26999999999998181,-0.080433746425161406,75796.729999999996,-21897.180000000008,335.41000000000003,75796.729999999996,-22.414068594449756
2015-11-11,126,-67,193,317.89999999999998,-50.660000000000025,-13.745387453874544,290096.78000000003,77797.300000000017,317.89999999999998,290096.78000000003,36.645073271022625
2015-11-10,143,-58,201,368.56,-6.7400000000000091,-1.7958966160405032,212299.48000000001,81689.37000000001,368.56,212299.48000000001,62.54444621476852
2015-11-13,140,-53,193,334.66000000000003,7.75,2.3706830626166222,107328.71000000001,-64288.110000000001,334.66000000000003,107328.71000000001,-37.460261762221208
2015-11-12,134,-44,178,326.91000000000003,9.0100000000000477,2.8342245989304966,171616.82000000001,-118479.96000000002,326.91000000000003,171616.82000000001,-40.841528816693526
2015-11-15,75,-31,106,329.85000000000002,-5.4699999999999704,-1.6312775855898756,105658.42,34136.220000000001,329.85000000000002,105658.42,47.728145946293601
2015-11-14,79,-40,119,335.31999999999999,0.65999999999996817,0.1972150839658065,71522.199999999997,-35806.510000000009,335.31999999999999,71522.199999999997,-33.361539517245667
2015-11-17,37,-13,50,335.68000000000001,13.310000000000002,4.1287961038558185,97693.910000000003,8887.3600000000006,335.68000000000001,97693.910000000003,10.007550118769393
2015-11-16,41,-18,59,322.37,-7.4800000000000182,-2.2676974382295034,88806.550000000003,-16851.869999999995,322.37,88806.550000000003,-15.949386712388844
2015-09-10,3,-3,6,239.97999999999999,-2.4699999999999989,-1.0187667560321712,63412.699999999997,-6143.0899999999965,239.97999999999999,63412.699999999997,-8.8318887615250965
2015-09-11,82,-21,103,241.55000000000001,1.5700000000000216,0.65422118509876726,47247.290000000001,-16165.409999999996,241.55000000000001,47247.290000000001,-25.492385594683707
2015-09-12,49,-20,69,240.69999999999999,-0.85000000000002274,-0.35189401780170676,52731.580000000002,5484.2900000000009,240.69999999999999,52731.580000000002,11.607628712673257
2015-09-13,39,-19,58,234.46000000000001,-6.2399999999999807,-2.5924387203988286,54054.529999999999,1322.9499999999971,234.46000000000001,54054.529999999999,2.5088381573243153
2015-09-14,66,-17,83,230.78999999999999,-3.6700000000000159,-1.5652989849014827,66718.669999999998,12664.139999999999,230.78999999999999,66718.669999999998,23.428452712473867
2015-09-15,59,-22,81,231.88999999999999,1.0999999999999943,0.47662377052731675,60113.949999999997,-6604.7200000000012,231.88999999999999,60113.949999999997,-9.8993580057875867
2015-09-16,71,-26,97,230.63999999999999,-1.25,-0.53904868687739882,60120.160000000003,6.2100000000064028,230.63999999999999,60120.160000000003,0.010330380884979947
2015-09-17,72,-24,96,231.81999999999999,1.1800000000000068,0.5116198404439849,61813.239999999998,1693.0799999999945,231.81999999999999,61813.239999999998,2.8161601698997383
2015-09-18,78,-23,101,234.65000000000001,2.8300000000000125,1.2207747390216601,57623.589999999997,-4189.6500000000015,234.65000000000001,57623.589999999997,-6.7779168346457839
2015-09-19,67,-17,84,233.97,-0.68000000000000682,-0.28979330918389379,39321.419999999998,-18302.169999999998,233.97,39321.419999999998,-31.761592778235443
2015-07-09,0,0,0,270.72000000000003,1.160000000000025,0.43033090963051823,77644.380000000005,-8859.6599999999889,270.72000000000003,77644.380000000005,-10.241903152731352
2015-07-08,0,0,0,269.56,0.62000000000000455,0.23053469175280902,86504.039999999994,12342.059999999998,269.56,86504.039999999994,16.642031402074213
2015-07-05,0,0,0,264.06999999999999,5.2400000000000091,2.0244948421744038,118301.03999999999,76645.410000000003,264.06999999999999,118301.03999999999,183.99772131642231
2015-07-04,0,0,0,258.82999999999998,1.9900000000000091,0.77480143279863312,41655.629999999997,-8006.4599999999991,258.82999999999998,41655.629999999997,-16.121874854642645
2015-07-07,0,0,0,268.94,-3.1499999999999773,-1.1577051710830892,74161.979999999996,-53332.279999999999,268.94,74161.979999999996,-41.831122436414006
2015-07-06,0,0,0,272.08999999999997,8.0199999999999818,3.0370735032377709,127494.25999999999,9193.2200000000012,272.08999999999997,127494.25999999999,7.7710390373575775
2015-07-01,4,-2,6,261.13999999999999,-1.5600000000000023,-0.59383326988960883,76161.029999999999,-48396.839999999997,261.13999999999999,76161.029999999999,-38.854903347335657
2015-07-03,0,0,0,256.83999999999997,-1.82000000000005,-0.70362638212326989,49662.089999999997,-6057.2700000000041,256.83999999999997,49662.089999999997,-10.871032976688898
2015-07-02,89,-12,101,258.66000000000003,-2.4799999999999613,-0.94968216282452378,55719.360000000001,-20441.669999999998,258.66000000000003,55719.360000000001,-26.84006505689327
2015-12-14,39,-15,54,441.45999999999998,4.9699999999999704,1.138628605466327,246514.0,156506.22,441.45999999999998,246514.0,173.8807689735265
2015-12-15,19,-35,54,456.75,15.29000000000002,3.463507452543837,121020.71000000001,-125493.28999999999,456.75,121020.71000000001,-50.907165515954468
2015-12-16,27,-24,51,457.63999999999999,0.88999999999998636,0.19485495347564014,186908.79000000001,65888.080000000002,457.63999999999999,186908.79000000001,54.443640266199068
2015-12-17,37,-21,58,455.55000000000001,-2.089999999999975,-0.45669084870203108,67726.339999999997,-119182.45000000001,455.55000000000001,67726.339999999997,-63.765032131447654
2015-12-10,41,-12,53,416.74000000000001,-1.339999999999975,-0.32051282051281454,75158.130000000005,-85225.809999999998,416.74000000000001,75158.130000000005,-53.138618492599697
2015-12-11,48,-19,67,432.19,15.449999999999989,3.7073475068387935,176205.29000000001,101047.16,432.19,176205.29000000001,134.44608055043412
2015-12-12,47,-7,54,433.30000000000001,1.1100000000000136,0.25683148615192708,247017.35000000001,70812.059999999998,433.30000000000001,247017.35000000001,40.187249769856507
2015-12-13,15,-21,36,436.49000000000001,3.1899999999999977,0.73621047772905557,90007.779999999999,-157009.57000000001,436.49000000000001,90007.779999999999,-63.562162738771185
2015-12-18,55,-23,78,460.73000000000002,5.1800000000000068,1.1370870376468021,82317.550000000003,14591.210000000006,460.73000000000002,82317.550000000003,21.544365161324247
2015-12-19,39,-27,66,464.0,3.2699999999999818,0.7097432335641225,63401.040000000001,-18916.510000000002,464.0,63401.040000000001,-22.979923479258069
2015-06-11,0,0,0,231.28,-0.069999999999993179,-0.030257186081691458,43195.669999999998,72.889999999999418,231.28,43195.669999999998,0.16902899117357326
2015-06-10,0,0,0,231.34999999999999,0.63999999999998636,0.27740453383034386,43122.779999999999,-17285.029999999999,231.34999999999999,43122.779999999999,-28.6138994279051
2015-06-13,0,0,0,231.87,-0.099999999999994316,-0.043109022718452523,39818.620000000003,-2348.3600000000006,231.87,39818.620000000003,-5.5691918178631727
2015-06-12,0,0,0,231.97,0.68999999999999773,0.29833967485299107,42166.980000000003,-1028.6899999999951,231.97,42166.980000000003,-2.3814655496719812
2015-06-15,0,0,0,236.05000000000001,1.3300000000000125,0.56663258350375445,62391.489999999998,26998.040000000001,236.05000000000001,62391.489999999998,76.279763628580994
2015-06-14,0,0,0,234.72,2.8499999999999943,1.2291370164316187,35393.449999999997,-4425.1700000000055,234.72,35393.449999999997,-11.113318342021913
2015-06-17,0,0,0,251.65000000000001,9.9399999999999977,4.1123660584998545,126711.64999999999,6070.2999999999884,251.65000000000001,126711.64999999999,5.031691041255745
2015-06-16,0,0,0,241.71000000000001,5.6599999999999966,2.3977970768904879,120641.35000000001,58249.860000000008,241.71000000000001,120641.35000000001,93.361867139252496
2015-06-19,0,0,0,249.36000000000001,0.090000000000003411,0.03610542784932138,58965.440000000002,-27117.660000000003,249.36000000000001,58965.440000000002,-31.501723334777676
2015-06-18,0,0,0,249.27000000000001,-2.3799999999999955,-0.94575799721835707,86083.100000000006,-40628.549999999988,249.27000000000001,86083.100000000006,-32.063784190325038
2015-02-19,115,-38,153,238.59999999999999,-1.9399999999999977,-0.80651866633408076,60345.529999999999,-29813.050000000003,238.59999999999999,60345.529999999999,-33.067346446672083
2015-02-18,118,-43,161,240.53999999999999,1.7599999999999909,0.73708015746712074,90158.580000000002,-8248.3699999999953,240.53999999999999,90158.580000000002,-8.3818978232736576
2015-02-15,47,-19,66,251.15000000000001,5.6299999999999955,2.2930922124470494,220810.70999999999,57029.479999999981,251.15000000000001,220810.70999999999,34.820522473790177
2015-02-14,105,-22,127,245.52000000000001,13.760000000000019,5.9371763893683207,163781.23000000001,6731.9500000000116,245.52000000000001,163781.23000000001,4.2865207659659514
2015-02-17,102,-32,134,238.78,4.3100000000000023,1.8381882543609001,98406.949999999997,-5144.6900000000023,238.78,98406.949999999997,-4.9682361380273674
2015-02-16,16,-5,21,234.47,-16.680000000000007,-6.6414493330678903,103551.64,-117259.06999999999,234.47,103551.64,-53.103887035189544
2015-02-11,89,-49,138,221.75999999999999,2.6099999999999852,1.1909650924024573,61727.110000000001,-18605.759999999995,221.75999999999999,61727.110000000001,-23.160830678649969
2015-02-10,104,-45,149,219.15000000000001,-2.3199999999999932,-1.0475459430171097,80332.869999999995,-26175.240000000005,219.15000000000001,80332.869999999995,-24.575818686483128
2015-02-13,137,-49,186,231.75999999999999,10.969999999999999,4.9685221250962446,157049.28,102980.04999999999,231.75999999999999,157049.28,190.45962000938422
2015-02-12,121,-36,157,220.78999999999999,-0.96999999999999886,-0.43740981240981186,54069.230000000003,-7657.8799999999974,220.78999999999999,54069.230000000003,-12.406023868604892
2015-10-16,6,0,6,261.02999999999997,4.9399999999999977,1.9290093326564874,98238.179999999993,33416.469999999994,261.02999999999997,98238.179999999993,51.551355248110539
2015-10-17,0,-2,2,269.45999999999998,8.4300000000000068,3.2295138489828781,118926.37,20688.190000000002,269.45999999999998,118926.37,21.059215469993443
2015-08-31,18,-8,26,229.94999999999999,-0.36000000000001364,-0.1563110590074307,56483.309999999998,6292.489999999998,229.94999999999999,56483.309999999998,12.537133284532906
2015-08-30,21,-9,30,230.31,-1.5099999999999909,-0.65136744025536664,50190.82,3909.5,230.31,50190.82,8.4472525848441649
2015-05-27,0,0,0,239.06999999999999,0.90999999999999659,0.38209606986899425,53310.389999999999,8663.1900000000023,239.06999999999999,53310.389999999999,19.403658012148583
2015-05-26,0,0,0,238.16,-1.5999999999999943,-0.66733400066733162,44647.199999999997,7925.0099999999948,238.16,44647.199999999997,21.580984140651726
2015-04-30,86,-25,111,231.66,5.2199999999999989,2.3052464228934815,114641.84,54380.669999999998,231.66,114641.84,90.241643167565442
2015-03-09,0,0,0,281.88999999999999,5.7799999999999727,2.0933685849842352,139722.20999999999,92440.76999999999,281.88999999999999,139722.20999999999,195.51174837314596
2015-03-08,0,0,0,276.11000000000001,1.910000000000025,0.69657184536835348,47281.440000000002,-5315.6999999999971,276.11000000000001,47281.440000000002,-10.106443049945296
2015-03-01,73,-24,97,252.75,-0.93999999999999773,-0.37053096298632099,78704.160000000003,31873.420000000006,252.75,78704.160000000003,68.060893336300069
2015-03-03,155,-29,184,275.70999999999998,13.199999999999989,5.0283798712429961,155102.28,34891.929999999993,275.70999999999998,155102.28,29.025728649820909
2015-03-02,80,-23,103,262.50999999999999,9.7599999999999909,3.8615232443125582,120210.35000000001,41506.190000000002,262.50999999999999,120210.35000000001,52.736970955537799
2015-03-05,19,-11,30,271.50999999999999,-8.4399999999999977,-3.0148240757278075,127169.72,-24.25,271.50999999999999,127169.72,-0.019065369215223015
2015-03-04,137,-39,176,279.94999999999999,4.2400000000000091,1.5378477385658877,127193.97,-27908.309999999998,279.94999999999999,127193.97,-17.993487910042326
2015-03-07,0,0,0,274.19999999999999,0.30000000000001137,0.10952902519167995,52597.139999999999,-38238.25,274.19999999999999,52597.139999999999,-42.096202812582192
2015-03-06,0,0,0,273.89999999999998,2.3899999999999864,0.88026223711833318,90835.389999999999,-36334.330000000002,273.89999999999998,90835.389999999999,-28.571526303588623
2015-05-03,57,-21,78,240.22999999999999,4.4499999999999886,1.8873526168462076,55081.169999999998,12777.769999999997,240.22999999999999,55081.169999999998,30.205066259449588
2015-05-02,100,-25,125,235.78,-0.50999999999999091,-0.21583647213169874,42303.400000000001,-17582.599999999999,235.78,42303.400000000001,-29.360117556691044
2015-05-01,113,-32,145,236.28999999999999,4.6299999999999955,1.9986186652853299,59886.0,-54755.839999999997,236.28999999999999,59886.0,-47.762527189026272
2015-05-07,63,-37,100,232.19,-4.0,-1.6935518015157289,127117.86,56336.419999999998,232.19,127117.86,79.592079505587904
2015-05-06,108,-29,137,236.19,-0.53000000000000114,-0.22389320716458311,70781.440000000002,-7190.0,236.19,70781.440000000002,-9.2213251416159565
2015-05-05,87,-29,116,236.72,-4.25,-1.7637050255218494,77971.440000000002,10195.589999999997,236.72,77971.440000000002,15.043101635759633
2015-05-04,72,-18,90,240.97,0.74000000000000909,0.3080381301253004,67775.850000000006,12694.680000000008,240.97,67775.850000000006,23.047222853109346
2015-05-09,63,-37,100,243.63999999999999,3.4499999999999886,1.4363628793871472,63207.230000000003,-27352.359999999993,243.63999999999999,63207.230000000003,-30.203714482364592
2015-05-08,101,-41,142,240.19,8.0,3.4454541539256645,90559.589999999997,-36558.270000000004,240.19,90559.589999999997,-28.759349787669493
2015-01-18,0,0,0,206.0,4.4399999999999977,2.2028180194483022,109747.92999999999,21828.889999999999,206.0,109747.92999999999,24.828398945211415
2015-01-19,0,0,0,211.84,5.8400000000000034,2.8349514563106815,69433.309999999998,-40314.619999999995,211.84,69433.309999999998,-36.733831790722611
2015-01-10,163,-51,214,281.25,-3.7900000000000205,-1.3296379455515086,45280.809999999998,-12296.620000000003,281.25,45280.809999999998,-21.356667013446071
2015-01-11,87,-32,119,274.29000000000002,-6.9599999999999795,-2.4746666666666592,44343.209999999999,-937.59999999999854,274.29000000000002,44343.209999999999,-2.0706343371507678
2015-01-12,68,-42,110,269.63,-4.660000000000025,-1.6989317875241623,47534.739999999998,3191.5299999999988,269.63,47534.739999999998,7.1973364129480011
2015-01-13,120,-39,159,242.22,-27.409999999999997,-10.165782739309423,228863.06,181328.32000000001,242.22,228863.06,381.4648402410532
2015-01-14,83,-59,142,200.28,-41.939999999999998,-17.314837750805051,378295.78999999998,149432.72999999998,200.28,378295.78999999998,65.293512198954247
2015-01-15,186,-123,309,205.47999999999999,5.1999999999999886,2.5963650888755687,283041.90999999997,-95253.880000000005,205.47999999999999,283041.90999999997,-25.179735677206455
2015-01-16,11,0,11,212.00999999999999,6.5300000000000011,3.1779248588670437,129530.67999999999,-153511.22999999998,212.00999999999999,129530.67999999999,-54.236218940156242
2015-01-17,1,-1,2,201.56,-10.449999999999989,-4.9290127824159189,87919.039999999994,-41611.639999999999,201.56,87919.039999999994,-32.124929784974491
2015-11-28,32,-19,51,356.55000000000001,0.63999999999998636,0.1798207411986138,60678.440000000002,-52150.630000000005,356.55000000000001,60678.440000000002,-46.220916294001185
2015-11-29,20,-17,37,362.06,5.5099999999999909,1.5453653064086357,64868.589999999997,4190.1499999999942,362.06,64868.589999999997,6.9055005369287574
2015-11-24,31,-10,41,323.39999999999998,-0.62999999999999545,-0.19442644199611009,50632.910000000003,8614.0,323.39999999999998,50632.910000000003,20.500293796293143
2015-11-25,45,-17,62,324.10000000000002,0.70000000000004547,0.21645021645023055,77479.389999999999,26846.479999999996,324.10000000000002,77479.389999999999,53.021799458099473
2015-11-26,52,-11,63,342.50999999999999,18.409999999999968,5.6803455723542013,213702.57999999999,136223.19,342.50999999999999,213702.57999999999,175.81861447282949
2015-11-27,44,-5,49,355.91000000000003,13.400000000000034,3.9122945315465341,112829.07000000001,-100873.50999999998,355.91000000000003,112829.07000000001,-47.202757215191312
2015-11-20,27,-12,39,321.02999999999997,-11.980000000000018,-3.5974895648779368,111710.95,26755.75,321.02999999999997,111710.95,31.493952106522027
2015-11-21,24,-9,33,325.83999999999997,4.8100000000000023,1.4983023393452333,43575.190000000002,-68135.759999999995,325.83999999999997,43575.190000000002,-60.992910721822703
2015-11-22,25,-5,30,326.14999999999998,0.31000000000000227,0.095138718389394278,34520.800000000003,-9054.3899999999994,326.14999999999998,34520.800000000003,-20.778773425887525
2015-11-23,17,-9,26,324.02999999999997,-2.1200000000000045,-0.65000766518473241,42018.910000000003,7498.1100000000006,324.02999999999997,42018.910000000003,21.720556881648164
2015-09-07,2,0,2,241.06,0.62000000000000455,0.25786058892031466,56561.989999999998,-16699.299999999996,241.06,56561.989999999998,-22.794165923095264
2015-09-06,2,0,2,240.44,6.8700000000000045,2.9413023932868114,73261.289999999994,17111.479999999996,240.44,73261.289999999994,30.474689050595178
2015-09-05,2,0,2,233.56999999999999,2.3299999999999841,1.0076111399411798,56149.809999999998,-7996.8300000000017,233.56999999999999,56149.809999999998,-12.466483045721494
2015-09-04,3,0,3,231.24000000000001,2.2400000000000091,0.97816593886463288,64146.639999999999,3332.0,231.24000000000001,64146.639999999999,5.4789438858801098
2015-09-02,4,0,4,229.0,-1.3199999999999932,-0.57311566516151147,60814.639999999999,-2542.1699999999983,229.0,60814.639999999999,-4.0124652740565665
2015-09-01,19,-2,21,230.31999999999999,0.37000000000000455,0.16090454446619029,63356.809999999998,6873.5,230.31999999999999,63356.809999999998,12.169081450786082
2015-10-30,1,-1,2,324.31,14.699999999999989,4.7479086592810269,170402.67000000001,24917.550000000017,324.31,170402.67000000001,17.127215484305211
2015-10-31,5,0,5,324.35000000000002,0.040000000000020464,0.012333878079621491,115396.61,-55006.060000000012,324.35000000000002,115396.61,-32.280045846699473
2015-09-09,3,0,3,242.44999999999999,-1.3100000000000023,-0.53741384968821881,69555.789999999994,-8117.3600000000006,242.44999999999999,69555.789999999994,-10.450664096924099
2015-09-08,6,0,6,243.75999999999999,2.6999999999999886,1.1200530988135686,77673.149999999994,21111.159999999996,243.75999999999999,77673.149999999994,37.323934324092903
2015-07-30,0,0,0,289.68000000000001,-3.1200000000000045,-1.0655737704918047,45777.870000000003,-7047.6100000000006,289.68000000000001,45777.870000000003,-13.341308020296266
2015-07-31,0,0,0,286.76999999999998,-2.910000000000025,-1.0045567522783847,51981.220000000001,6203.3499999999985,286.76999999999998,51981.220000000001,13.550979982249062
2015-12-09,58,-23,81,418.07999999999998,21.069999999999993,5.3071711040024168,160383.94,102451.66,418.07999999999998,160383.94,176.84727754543755
2015-12-08,41,-18,59,397.00999999999999,2.5699999999999932,0.65155663725788282,57932.279999999999,-44587.270000000004,397.00999999999999,57932.279999999999,-43.491480405444619
2015-12-03,53,-11,64,363.13,6.3500000000000227,1.7798082852177877,88810.639999999999,-8694.2799999999988,363.13,88810.639999999999,-8.9167603029672744
2015-12-02,39,-22,61,356.77999999999997,-12.120000000000005,-3.2854432095418828,97504.919999999998,-22487.470000000001,356.77999999999997,97504.919999999998,-18.740746809026806
2015-12-01,37,-30,67,368.89999999999998,-7.8600000000000136,-2.0862087270410905,119992.39,-17473.719999999987,368.89999999999998,119992.39,-12.711292987049671
2015-12-07,34,-13,47,394.44,0.18000000000000682,0.04565515142292062,102519.55,-44728.229999999996,394.44,102519.55,-30.376165942875332
2015-12-06,24,-11,35,394.25999999999999,19.420000000000016,5.1808771742610222,147247.78,40379.270000000004,394.25999999999999,147247.78,37.784067542440717
2015-12-05,49,-9,58,374.83999999999997,13.329999999999984,3.6873115543138462,106868.50999999999,46606.169999999998,374.83999999999997,106868.50999999999,77.338798991210766
2015-12-04,46,-12,58,361.50999999999999,-1.6200000000000045,-0.44612122380414848,60262.339999999997,-28548.300000000003,361.50999999999999,60262.339999999997,-32.145134862219216
2015-06-24,0,0,0,245.21000000000001,-1.8899999999999864,-0.76487252124645344,53144.0,11842.779999999999,245.21000000000001,53144.0,28.674165073089846
2015-06-25,0,0,0,244.03,-1.1800000000000068,-0.48122017862240801,44924.07,-8219.9300000000003,244.03,44924.07,-15.46727758542827
2015-06-26,0,0,0,244.22999999999999,0.19999999999998863,0.081957136417648901,37765.410000000003,-7158.6599999999962,244.22999999999999,37765.410000000003,-15.935021025476981
2015-06-27,0,0,0,247.44999999999999,3.2199999999999989,1.3184293493837773,57101.059999999998,19335.649999999994,247.44999999999999,57101.059999999998,51.199364709664195
2015-06-20,0,0,0,244.28999999999999,-5.0700000000000216,-2.033205004812328,68398.449999999997,9433.0099999999948,244.28999999999999,68398.449999999997,15.997523295001265
2015-06-21,0,0,0,245.84999999999999,1.5600000000000023,0.63858528797740488,26873.470000000001,-41524.979999999996,245.84999999999999,26873.470000000001,-60.710410835333249
2015-06-22,0,0,0,246.5,0.65000000000000568,0.26438885499288417,52090.709999999999,25217.239999999998,246.5,52090.709999999999,93.836932856084445
2015-06-23,0,0,0,247.09999999999999,0.59999999999999432,0.2434077079107482,41301.220000000001,-10789.489999999998,247.09999999999999,41301.220000000001,-20.712887192361169
2015-06-28,0,0,0,251.0,3.5500000000000114,1.4346332592442965,42153.050000000003,-14948.009999999995,251.0,42153.050000000003,-26.178165519168989
2015-06-29,0,0,0,253.47,2.4699999999999989,0.98406374501991989,93823.639999999999,51670.589999999997,253.47,93823.639999999999,122.57853227702383
2015-02-20,71,-31,102,243.61000000000001,5.0100000000000193,2.0997485331098154,84337.259999999995,23991.729999999996,243.61000000000001,84337.259999999995,39.757261225479326
2015-02-21,0,0,0,245.53999999999999,1.9299999999999784,0.79224990763925063,44001.449999999997,-40335.809999999998,245.53999999999999,44001.449999999997,-47.826796839261796
2015-02-22,0,0,0,242.91,-2.6299999999999955,-1.0711085770139266,68906.429999999993,24904.979999999996,242.91,68906.429999999993,56.600362033523886
2015-02-23,0,0,0,236.63,-6.2800000000000011,-2.5853196657198145,56158.449999999997,-12747.979999999996,236.63,56158.449999999997,-18.50042151363813
2015-02-24,0,0,0,239.65000000000001,3.0200000000000102,1.2762540675315939,47043.860000000001,-9114.5899999999965,239.65000000000001,47043.860000000001,-16.230130995424545
2015-02-25,2,0,2,238.83000000000001,-0.81999999999999318,-0.34216565825161405,38979.25,-8064.6100000000006,238.83000000000001,38979.25,-17.142747215045706
2015-02-26,101,-38,139,237.66999999999999,-1.160000000000025,-0.48570112632417406,46714.620000000003,7735.3700000000026,237.66999999999999,46714.620000000003,19.844840524125022
2015-02-27,142,-25,167,250.27000000000001,12.600000000000023,5.3014684226027784,147991.29000000001,101276.67000000001,250.27000000000001,147991.29000000001,216.7986596059221
2015-02-28,114,-27,141,253.69,3.4199999999999875,1.366524153913768,46830.739999999998,-101160.55000000002,253.69,46830.739999999998,-68.355745800986
2015-05-30,0,0,0,235.96000000000001,-2.2800000000000011,-0.95701813297515148,44889.389999999999,4985.75,235.96000000000001,44889.389999999999,12.494474188319662
2015-05-31,0,0,0,233.72999999999999,-2.2300000000000182,-0.94507543651467119,34017.900000000001,-10871.489999999998,233.72999999999999,34017.900000000001,-24.218395482763295
2015-08-08,0,0,0,276.01999999999998,-4.410000000000025,-1.5725849588132599,69720.0,21829.160000000003,276.01999999999998,69720.0,45.58107562949408
2015-08-09,0,0,0,264.05000000000001,-11.96999999999997,-4.3366422722990983,67562.759999999995,-2157.2400000000052,264.05000000000001,67562.759999999995,-3.0941480206540519
2015-08-04,0,0,0,285.37,1.5199999999999818,0.53549409899594202,46789.489999999998,1250.3799999999974,285.37,46789.489999999998,2.7457277930991566
2015-08-05,0,0,0,284.88999999999999,-0.48000000000001819,-0.16820268423450893,40800.93,-5988.5599999999977,284.88999999999999,40800.93,-12.798942668535174
2015-08-06,0,0,0,281.92000000000002,-2.9699999999999704,-1.0425076345255961,41529.910000000003,728.9800000000032,281.92000000000002,41529.910000000003,1.7866749605952688
2015-08-07,0,0,0,280.43000000000001,-1.4900000000000091,-0.52851872871736982,47890.839999999997,6360.929999999993,280.43000000000001,47890.839999999997,15.316503214189467
2015-08-01,0,0,0,283.04000000000002,-3.7299999999999613,-1.3006939359068108,43721.199999999997,-8260.0200000000041,283.04000000000002,43721.199999999997,-15.890392722602517
2015-08-02,0,0,0,281.47000000000003,-1.5699999999999932,-0.55469191633691106,36387.870000000003,-7333.3299999999945,281.47000000000003,36387.870000000003,-16.772938528677152
2015-08-03,0,0,0,283.85000000000002,2.3799999999999955,0.84556080576970727,45539.110000000001,9151.239999999998,283.85000000000002,45539.110000000001,25.149149977726086
2015-09-30,96,-9,105,238.41,-1.3199999999999932,-0.55061944687773468,55808.629999999997,-13546.19000000001,238.41,55808.629999999997,-19.531721082975931
2015-12-30,106,-59,165,430.08999999999997,4.0999999999999659,0.96246390760345679,71380.419999999998,-666.83000000000175,430.08999999999997,71380.419999999998,-0.9255453886165006
2015-12-31,89,-71,160,426.51999999999998,-3.5699999999999932,-0.83005882489711291,66915.800000000003,-4464.6199999999953,426.51999999999998,66915.800000000003,-6.2546844078530155
2015-03-30,90,-17,107,245.19,-1.4799999999999898,-0.59999189200145531,77229.5,8942.9400000000023,245.19,77229.5,13.09619345300159
2015-03-31,75,-49,124,246.72,1.5300000000000011,0.62400587299645216,64204.550000000003,-13024.949999999997,246.72,64204.550000000003,-16.865252267592044
2015-04-08,118,-40,158,251.09,-4.2800000000000011,-1.6759995300935902,97857.570000000007,45859.490000000005,251.09,97857.570000000007,88.194583338461726
2015-04-09,86,-42,128,244.72999999999999,-6.3600000000000136,-2.5329563104862856,68321.759999999995,-29535.810000000012,244.72999999999999,68321.759999999995,-30.182447816760632
2015-04-01,119,-35,154,244.38,-2.3400000000000034,-0.94844357976653826,69468.279999999999,5263.7299999999959,244.38,69468.279999999999,8.1983753487875788
2015-04-02,53,-19,72,248.77000000000001,4.3900000000000148,1.7963826827072653,85606.029999999999,16137.75,248.77000000000001,85606.029999999999,23.230386587950644
2015-04-03,0,0,0,254.31999999999999,5.5499999999999829,2.2309764039072166,70912.779999999999,-14693.25,254.31999999999999,70912.779999999999,-17.163802596616151
2015-04-04,0,0,0,254.62,0.30000000000001137,0.11796162315193903,35428.230000000003,-35484.549999999996,254.62,35428.230000000003,-50.039710754535363
2015-04-05,0,0,0,256.45999999999998,1.839999999999975,0.72264551095749552,51419.690000000002,15991.459999999999,256.45999999999998,51419.690000000002,45.13762047948768
2015-04-06,5,0,5,258.69,2.2300000000000182,0.86953131092568758,69260.580000000002,17840.889999999999,258.69,69260.580000000002,34.696611356466747
2015-04-07,92,-39,131,255.37,-3.3199999999999932,-1.2833893849781566,51998.080000000002,-17262.5,255.37,51998.080000000002,-24.923989952148826
2015-01-09,109,-61,170,285.04000000000002,-4.5699999999999932,-1.5779841856289469,57577.43,-586.37999999999738,285.04000000000002,57577.43,-1.0081526640018894
2015-01-08,93,-69,162,289.61000000000001,12.569999999999993,4.5372509384926341,58163.809999999998,-21829.260000000009,289.61000000000001,58163.809999999998,-27.2889389043326
2015-01-06,125,-63,188,277.04000000000002,5.2600000000000477,1.9353889175068246,79993.070000000007,-35271.929999999993,277.04000000000002,79993.070000000007,-30.600728755476503
2015-01-05,81,-56,137,271.77999999999997,-4.1300000000000523,-1.4968649197202173,115265.0,-77206.429999999993,271.77999999999997,115265.0,-40.113189786141248
2015-01-04,121,-54,175,275.91000000000003,-30.239999999999952,-9.8775110240078252,192471.42999999999,96495.209999999992,275.91000000000003,192471.42999999999,100.54074853125074
2015-01-03,97,-63,160,306.14999999999998,-9.3000000000000114,-2.9481692819781302,95976.220000000001,75558.100000000006,306.14999999999998,95976.220000000001,370.05414798228242
2015-01-02,87,-31,118,315.44999999999999,-1.5900000000000318,-0.50151400454202366,20418.119999999999,2900.2199999999975,315.44999999999999,20418.119999999999,16.555751545561954
2015-01-01,81,-28,109,317.04000000000002,0,0,17517.900000000001,2900.2199999999975,317.04000000000002,17517.900000000001,0
2015-11-30,34,-19,53,376.75999999999999,14.699999999999989,4.0601005358227891,137466.10999999999,72597.51999999999,376.75999999999999,137466.10999999999,111.91474949586539
2015-10-29,4,0,4,309.61000000000001,8.0800000000000409,2.6796670314728357,145485.12,21093.169999999998,309.61000000000001,145485.12,16.957021736535204
2015-10-28,2,-4,6,301.52999999999997,8.5499999999999545,2.918287937743175,124391.95,13732.709999999992,301.52999999999997,124391.95,12.409908110700915
2015-10-27,4,0,4,292.98000000000002,7.8000000000000114,2.7351146644224738,110659.24000000001,27768.5,292.98000000000002,110659.24000000001,33.500123174192922
2015-10-26,9,0,9,285.18000000000001,-4.6999999999999886,-1.6213605629915788,82890.740000000005,-35432.37999999999,285.18000000000001,82890.740000000005,-29.945440924816712
2015-10-25,0,-1,1,289.88,8.3799999999999955,2.9769094138543499,118323.12,64560.839999999997,289.88,118323.12,120.08575529162826
2015-10-24,2,0,2,281.5,3.589999999999975,1.291785110287494,53762.279999999999,-21692.680000000008,281.5,53762.279999999999,-28.749176992473398
2015-10-23,1,-1,2,277.91000000000003,4.5900000000000318,1.6793502122054851,75454.960000000006,-17193.059999999998,277.91000000000003,75454.960000000006,-18.557396045808638
2015-10-22,4,-2,6,273.31999999999999,3.1800000000000068,1.1771673946842405,92648.020000000004,27904.460000000006,273.31999999999999,92648.020000000004,43.099977820187839
2015-10-21,4,0,4,270.13999999999999,1.2899999999999636,0.47982146178164908,64743.559999999998,-11631.400000000009,270.13999999999999,64743.559999999998,-15.229336944988262
2015-10-20,6,0,6,268.85000000000002,4.0500000000000114,1.5294561933534785,76374.960000000006,15726.810000000005,268.85000000000002,76374.960000000006,25.931227910496869
2015-07-27,0,0,0,292.13,0.64999999999997726,0.22299986276930742,69358.520000000004,37075.150000000009,292.13,69358.520000000004,114.84287421046815
2015-07-26,0,0,0,291.48000000000002,2.2100000000000364,0.76399211809037804,32283.369999999999,-12695.240000000002,291.48000000000002,32283.369999999999,-28.225060756657445
2015-07-25,0,0,0,289.26999999999998,6.3599999999999568,2.248064755575963,44978.610000000001,-38485.399999999994,289.26999999999998,44978.610000000001,-46.110173714394982
2015-07-24,0,0,0,282.91000000000003,4.4600000000000364,1.6017238283354414,83464.009999999995,44642.719999999994,282.91000000000003,83464.009999999995,114.9954573894891
2015-07-23,0,0,0,278.44999999999999,0.88999999999998636,0.32065139069029625,38821.290000000001,-12166.739999999998,278.44999999999999,38821.290000000001,-23.861953482023129
2015-07-22,0,0,0,277.56,-2.5099999999999909,-0.89620452029849362,50988.029999999999,1461.5599999999977,277.56,50988.029999999999,2.9510683882780211
2015-07-21,0,0,0,280.06999999999999,3.1700000000000159,1.1448176236908689,49526.470000000001,-4112.1900000000023,280.06999999999999,49526.470000000001,-7.6664666865279676
2015-07-20,0,0,0,276.89999999999998,1.5699999999999932,0.57022482112373996,53638.660000000003,21886.620000000003,276.89999999999998,53638.660000000003,68.929807344661953
2015-07-29,0,0,0,292.80000000000001,-2.8899999999999864,-0.97737495349859183,52825.480000000003,-3833.0499999999956,292.80000000000001,52825.480000000003,-6.76517728222034
2015-07-28,0,0,0,295.69,3.5600000000000023,1.2186355389723762,56658.529999999999,-12699.990000000005,295.69,56658.529999999999,-18.310641576550371
2015-06-30,0,0,0,262.69999999999999,9.2299999999999898,3.6414565826330492,124557.87,30734.229999999996,262.69999999999999,124557.87,32.757447909716561
2015-05-29,0,0,0,238.24000000000001,-0.25,-0.10482619816344502,39903.639999999999,2507.239999999998,238.24000000000001,39903.639999999999,6.7044956198992356
2015-05-28,0,0,0,238.49000000000001,-0.57999999999998408,-0.24260676789224248,37396.400000000001,-15913.989999999998,238.49000000000001,37396.400000000001,-29.851573023570072
2015-10-14,4,-1,5,252.93000000000001,3.9699999999999989,1.5946336760925446,72687.690000000002,-7811.3999999999942,252.93000000000001,72687.690000000002,-9.7037121786097131
2015-10-15,3,-1,4,256.08999999999997,3.1599999999999682,1.249357529751302,64821.709999999999,-7865.9800000000032,256.08999999999997,64821.709999999999,-10.821612297763215
2015-10-12,3,0,3,248.15000000000001,-0.60999999999998522,-0.24521627271264884,48544.980000000003,13343.740000000005,248.15000000000001,48544.980000000003,37.907016911904257
2015-10-13,1,-2,3,248.96000000000001,0.81000000000000227,0.3264154745113852,80499.089999999997,31954.109999999993,248.96000000000001,80499.089999999997,65.823716479026245
2015-10-10,6,0,6,246.81,1.0500000000000114,0.42724609375000466,41515.32,-1252.9000000000015,246.81,41515.32,-2.9295116794666729
2015-10-11,1,-1,2,248.75999999999999,1.9499999999999886,0.79008143916372464,35201.239999999998,-6314.0800000000017,248.75999999999999,35201.239999999998,-15.209036085955743
2015-05-21,0,0,0,236.19999999999999,1.4699999999999989,0.62625143782217818,45267.160000000003,-3537.0,236.19999999999999,45267.160000000003,-7.2473330142348509
2015-05-20,0,0,0,234.72999999999999,0.43999999999999773,0.18780144265653581,48804.160000000003,5102.6900000000023,234.72999999999999,48804.160000000003,11.676243384947925
2015-05-23,0,0,0,240.84,3.039999999999992,1.2783851976450764,36064.669999999998,-43732.199999999997,240.84,36064.669999999998,-54.80440523544344
2015-05-22,0,0,0,237.80000000000001,1.6000000000000227,0.67739204064353209,79796.869999999995,34529.709999999992,237.80000000000001,79796.869999999995,76.279824049045686
2015-05-25,0,0,0,239.75999999999999,-1.1000000000000227,-0.4566968363364704,36722.190000000002,3762.0600000000049,239.75999999999999,36722.190000000002,11.413971971591147
2015-05-24,0,0,0,240.86000000000001,0.020000000000010232,0.0083042683939587407,32960.129999999997,-3104.5400000000009,240.86000000000001,32960.129999999997,-8.6082584424036082
2015-10-18,3,0,3,268.57999999999998,-0.87999999999999545,-0.32657908409411252,61187.919999999998,-57738.449999999997,268.57999999999998,61187.919999999998,-48.549745527421713
2015-10-19,0,-3,3,264.80000000000001,-3.7799999999999727,-1.4074018914289868,60648.150000000001,-539.7699999999968,264.80000000000001,60648.150000000001,-0.88215124815485924
2015-01-30,134,-37,171,232.66999999999999,0.44999999999998863,0.19378175867711164,102020.39,-22431.940000000002,232.66999999999999,102020.39,-18.024523928157876
2015-01-31,11,-1,12,228.65000000000001,-4.0199999999999818,-1.7277689431383427,81293.710000000006,-20726.679999999993,228.65000000000001,81293.710000000006,-20.31621325893774
2015-08-13,81,-42,123,266.37,-2.8999999999999773,-1.0769859249080764,58932.839999999997,-3935.8700000000026,266.37,58932.839999999997,-6.2604592968425825
2015-08-12,118,-26,144,269.26999999999998,2.0799999999999841,0.77847224821287619,62868.709999999999,11960.559999999998,269.26999999999998,62868.709999999999,23.494391369554769
2015-08-11,97,-35,132,267.19,1.4399999999999977,0.54186265286923718,50908.150000000001,2185.1200000000026,267.19,50908.150000000001,4.4847785533863611
2015-08-10,42,-16,58,265.75,1.6999999999999886,0.64381745881461405,48723.029999999999,-18839.729999999996,265.75,48723.029999999999,-27.884784458183766
2015-08-17,10,-17,27,258.89999999999998,-1.5400000000000205,-0.59130701889111514,52690.699999999997,-20418.240000000005,258.89999999999998,52690.699999999997,-27.928513257065426
2015-08-16,69,-66,135,260.44,-6.8000000000000114,-2.5445292620865181,73108.940000000002,38530.5,260.44,73108.940000000002,111.42926054501012
2015-08-15,75,-32,107,267.24000000000001,1.0400000000000205,0.39068369646882811,34578.440000000002,-18277.639999999999,267.24000000000001,34578.440000000002,-34.58001425758399
2015-08-14,73,-37,110,266.19999999999999,-0.17000000000001592,-0.063821000863466579,52856.080000000002,-6076.7599999999948,266.19999999999999,52856.080000000002,-10.311330660460271
2015-08-19,9,-6,15,233.91999999999999,-22.909999999999997,-8.9202974730366389,259604.14999999999,172611.62,233.91999999999999,259604.14999999999,198.42119777410772
2015-08-18,-6,-15,9,256.82999999999998,-2.0699999999999932,-0.79953650057937176,86992.529999999999,34301.830000000002,256.82999999999998,86992.529999999999,65.100349777095403
2015-11-08,107,-30,137,383.98000000000002,0.41000000000002501,0.10689052845635086,90243.259999999995,-17682.990000000005,383.98000000000002,90243.259999999995,-16.384327260513551
2015-11-09,134,-59,193,375.30000000000001,-8.6800000000000068,-2.2605344028334828,130610.11,40366.850000000006,375.30000000000001,130610.11,44.7311522212296
2015-11-02,4,0,4,334.38,16.490000000000009,5.187328950265818,210271.42000000001,129606.64000000001,334.38,210271.42000000001,160.67314632234789
2015-11-03,5,-1,6,381.52999999999997,47.149999999999977,14.100723727495657,449677.57000000001,239406.14999999999,381.52999999999997,449677.57000000001,113.85577269607062
2015-11-01,2,0,2,317.88999999999999,-6.4600000000000364,-1.9916756590103395,80664.779999999999,-34731.830000000002,317.88999999999999,80664.779999999999,-30.097790567677858
2015-11-06,87,-70,157,373.24000000000001,-28.149999999999977,-7.0131293754204087,281158.04999999999,-78951.369999999995,373.24000000000001,281158.04999999999,-21.924272350331741
2015-11-07,88,-56,144,383.56999999999999,10.329999999999984,2.7676561997642226,107926.25,-173231.79999999999,383.56999999999999,107926.25,-61.613672452202593
2015-11-04,116,-39,155,446.72000000000003,65.190000000000055,17.086467643435657,537468.37,87790.799999999988,446.72000000000003,537468.37,19.523055152606343
2015-11-05,190,-87,277,401.38999999999999,-45.330000000000041,-10.147295845272215,360109.41999999998,-177358.95000000001,401.38999999999999,360109.41999999998,-32.998955826926149
2015-09-29,76,-24,100,239.72999999999999,2.0900000000000034,0.87948156875946959,69354.820000000007,1885.4600000000064,239.72999999999999,69354.820000000007,2.7945425894065195
2015-09-28,52,-17,69,237.63999999999999,2.3899999999999864,1.0159404888416519,67469.360000000001,28849.400000000001,237.63999999999999,67469.360000000001,74.700750596323772
2015-09-25,76,-19,95,236.36000000000001,2.7300000000000182,1.1685143175106014,64468.5,-7832.5599999999977,236.36000000000001,64468.5,-10.833257493043668
2015-09-24,90,-23,113,233.63,1.5999999999999943,0.68956600439598081,72301.059999999998,21731.619999999995,233.63,72301.059999999998,42.973819761500216
2015-09-27,24,-18,42,235.25,-0.78000000000000114,-0.33046646612718772,38619.959999999999,-2241.2700000000041,235.25,38619.959999999999,-5.4850771746225062
2015-09-26,51,-21,72,236.03,-0.33000000000001251,-0.13961753257742954,40861.230000000003,-23607.269999999997,236.03,40861.230000000003,-36.618301961423015
2015-09-21,52,-24,76,229.38,-3.710000000000008,-1.5916598738684662,57512.410000000003,16737.200000000004,229.38,57512.410000000003,41.047489393678184
2015-09-20,39,-25,64,233.09,-0.87999999999999545,-0.37611659614480297,40775.209999999999,1453.7900000000009,233.09,40775.209999999999,3.6971960829491937
2015-09-23,106,-20,126,232.03,1.8700000000000045,0.81247827598192757,50569.440000000002,-32997.050000000003,232.03,50569.440000000002,-39.485982958001472
2015-09-22,103,-29,132,230.16,0.78000000000000114,0.34004708344232326,83566.490000000005,26054.080000000002,230.16,83566.490000000005,45.301666196912983
2015-07-18,0,0,0,278.25,0.42000000000001592,0.15117157974301404,68091.110000000001,-6544.9499999999971,278.25,68091.110000000001,-8.7691526053224091
2015-07-19,0,0,0,275.32999999999998,-2.9200000000000159,-1.0494159928122249,31752.040000000001,-36339.07,275.32999999999998,31752.040000000001,-53.36830314559419
2015-07-16,0,0,0,283.87,-7.75,-2.6575680680337426,133319.5,77774.23000000001,283.87,133319.5,140.01953721712042
2015-07-17,0,0,0,277.82999999999998,-6.0400000000000205,-2.1277345263677105,74636.059999999998,-58683.440000000002,277.82999999999998,74636.059999999998,-44.017146778978322
2015-07-14,1,0,1,291.48000000000002,-4.1800000000000068,-1.4137861056619112,66154.490000000005,-87154.659999999989,291.48000000000002,66154.490000000005,-56.848961722115078
2015-07-15,0,0,0,291.62,0.13999999999998636,0.048030739673386287,55545.269999999997,-10609.220000000008,291.62,55545.269999999997,-16.037036941861402
2015-07-12,0,0,0,303.43000000000001,12.5,4.2965661843055027,121416.85000000001,25518.23000000001,303.43000000000001,121416.85000000001,26.609590419549324
2015-07-13,0,0,0,295.66000000000003,-7.7699999999999818,-2.5607224071449699,153309.14999999999,31892.299999999988,295.66000000000003,153309.14999999999,26.266782575894521
2015-07-10,0,0,0,280.06,9.339999999999975,3.450059101654837,211063.76000000001,133419.38,280.06,211063.76000000001,171.83391766409881
2015-07-11,0,0,0,290.93000000000001,10.870000000000005,3.8813111476112279,95898.619999999995,-115165.14000000001,290.93000000000001,95898.619999999995,-54.564146872016309
2015-12-21,32,-4,36,437.70999999999998,-17.560000000000002,-3.8570518593362184,119521.2,512.22999999999593,437.70999999999998,119521.2,0.43041293441998191
2015-12-20,16,-21,37,455.26999999999998,-8.7300000000000182,-1.8814655172413832,119008.97,55607.93,455.26999999999998,119008.97,87.708230022725175
2015-12-23,57,-22,79,441.44,1.5500000000000114,0.35236081747709919,64093.900000000001,-5499.4500000000044,441.44,64093.900000000001,-7.9022636501907204
2015-12-22,26,-23,49,439.88999999999999,2.1800000000000068,0.49804665189280733,69593.350000000006,-49927.849999999991,439.88999999999999,69593.350000000006,-41.773216801705466
2015-12-25,21,-10,31,455.25,0.81999999999999318,0.18044583324164187,43465.029999999999,-35411.619999999995,455.25,43465.029999999999,-44.894934052092729
2015-12-24,22,-20,42,454.43000000000001,12.990000000000009,2.94264226168902,78876.649999999994,14782.749999999993,454.43000000000001,78876.649999999994,23.064207358266529
2015-12-27,79,-42,121,418.45999999999998,-13.150000000000034,-3.0467320034290295,76363.559999999998,-135114.91,418.45999999999998,76363.559999999998,-63.890622057176792
2015-12-26,63,-24,87,431.61000000000001,-23.639999999999986,-5.1927512355848409,211478.47,168013.44,431.61000000000001,211478.47,386.54854258699464
2015-12-29,117,-63,180,425.99000000000001,0.96000000000003638,0.22586640942993114,72047.25,-4984.570000000007,425.99000000000001,72047.25,-6.4707934980635358
2015-12-28,82,-75,157,425.02999999999997,6.5699999999999932,1.5700425369210902,77031.820000000007,668.26000000000931,425.02999999999997,77031.820000000007,0.8751032560556492
2015-03-23,80,-24,104,267.98000000000002,5.410000000000025,2.0604029401683457,68261.360000000001,20310.029999999999,267.98000000000002,68261.360000000001,42.355509221537751
2015-03-22,67,-22,89,262.56999999999999,1.6399999999999864,0.62852105928792645,47951.330000000002,1725.9700000000012,262.56999999999999,47951.330000000002,3.7338162428589006
2015-03-21,69,-25,94,260.93000000000001,-0.76999999999998181,-0.29423003439051659,46225.360000000001,-3814.0500000000029,260.93000000000001,46225.360000000001,-7.6220922668752538
2015-03-20,106,-35,141,261.69999999999999,4.0699999999999932,1.579784962931333,50039.410000000003,-126644.31,261.69999999999999,50039.410000000003,-71.678539482868032
2015-03-27,122,-38,160,248.47999999999999,-1.210000000000008,-0.48460090512235487,53326.279999999999,-23441.009999999995,248.47999999999999,53326.279999999999,-30.535153709346773
2015-03-26,123,-32,155,249.69,4.2299999999999898,1.7232950378880427,76767.289999999994,-42870.850000000006,249.69,76767.289999999994,-35.83376505184718
2015-03-25,107,-35,142,245.46000000000001,-12.52000000000001,-4.8530893867741725,119638.14,-18588.830000000002,245.46000000000001,119638.14,-13.448048524828405
2015-03-24,107,-31,138,257.98000000000002,-10.0,-3.7316217628181207,138226.97,69965.610000000001,257.98000000000002,138226.97,102.49665403677864
2015-03-29,55,-25,80,246.66999999999999,-5.6100000000000136,-2.2237196765498708,68286.559999999998,18980.329999999994,246.66999999999999,68286.559999999998,38.494790617737337
2015-03-28,79,-23,102,252.28,3.8000000000000114,1.5292981326464954,49306.230000000003,-4020.0499999999956,252.28,49306.230000000003,-7.538590728623852
2015-06-02,0,0,0,224.56999999999999,-3.6599999999999966,-1.6036454453840407,72109.309999999998,-23091.320000000007,224.56999999999999,72109.309999999998,-24.255427721434202
2015-06-03,0,0,0,226.84,2.2700000000000102,1.0108206795208665,57299.110000000001,-14810.199999999997,226.84,57299.110000000001,-20.538540723798352
2015-06-01,0,0,0,228.22999999999999,-5.5,-2.3531425148675824,95200.630000000005,61182.730000000003,228.22999999999999,95200.630000000005,179.85451776858653
2015-06-06,0,0,0,226.84999999999999,0.90999999999999659,0.40276179516685695,34409.029999999999,-26662.300000000003,226.84999999999999,34409.029999999999,-43.657637716421114
2015-06-07,0,0,0,226.22,-0.62999999999999545,-0.27771655278818402,42537.080000000002,8128.0500000000029,226.22,42537.080000000002,23.621851589539151
2015-06-04,0,0,0,226.80000000000001,-0.039999999999992042,-0.017633574325512276,49889.57,-7409.5400000000009,226.80000000000001,49889.57,-12.931335233653718
2015-06-05,0,0,0,225.94,-0.86000000000001364,-0.37918871252205189,61071.330000000002,11181.760000000002,225.94,61071.330000000002,22.413021399061972
2015-04-17,0,0,0,225.75999999999999,-1.9200000000000159,-0.84328882642305691,73056.25,-14990.199999999997,225.75999999999999,73056.25,-17.025331515353539
2015-04-16,11,-1,12,227.68000000000001,5.9200000000000159,2.6695526695526768,88046.449999999997,12178.720000000001,227.68000000000001,88046.449999999997,16.052569386219943
2015-06-08,0,0,0,226.31999999999999,0.099999999999994316,0.044204756431789546,77146.389999999999,34609.309999999998,226.31999999999999,77146.389999999999,81.362684039431002
2015-06-09,0,0,0,230.71000000000001,4.3900000000000148,1.9397313538352841,60407.809999999998,-16738.580000000002,230.71000000000001,60407.809999999998,-21.697165609434222
2015-04-13,89,-17,106,234.44,-3.0600000000000023,-1.2884210526315798,99817.360000000001,62240.550000000003,234.44,99817.360000000001,165.63553425636718
2015-04-12,58,-21,79,237.5,0.77000000000001023,0.32526506991087323,37576.809999999998,-15201.900000000001,237.5,37576.809999999998,-28.803091246451462
2015-04-11,75,-28,103,236.72999999999999,-2.9200000000000159,-1.2184435635301547,52778.709999999999,-43794.32,236.72999999999999,52778.709999999999,-45.348395923789489
2015-04-10,95,-23,118,239.65000000000001,-5.0799999999999841,-2.0757569566460932,96573.029999999999,28251.270000000004,239.65000000000001,96573.029999999999,41.350325284360366
2015-10-01,66,-25,91,238.50999999999999,0.099999999999994316,0.041944549305815322,60410.980000000003,4602.3500000000058,238.50999999999999,60410.980000000003,8.2466636432394171
2015-02-08,0,0,0,225.69999999999999,-0.78000000000000114,-0.34440127163546502,62701.120000000003,-21853.840000000004,225.69999999999999,62701.120000000003,-25.845722119672228
2015-02-09,36,-13,49,221.47,-4.2299999999999898,-1.8741692512184271,106508.11,43806.989999999998,221.47,106508.11,69.866359643974448
2015-02-06,120,-32,152,220.37,-2.7299999999999898,-1.2236665172568308,86872.089999999997,4607.1100000000006,220.37,86872.089999999997,5.6003295691556731
2015-02-07,92,-26,118,226.47999999999999,6.1099999999999852,2.7726097018650386,84554.960000000006,-2317.1299999999901,226.47999999999999,84554.960000000006,-2.6672893445984669
2015-02-04,0,0,0,235.34999999999999,8.8199999999999932,3.893524036551447,129814.32000000001,40603.610000000001,235.34999999999999,129814.32000000001,45.514277377682568
2015-02-05,25,-7,32,223.09999999999999,-12.25,-5.2050138092203104,82264.979999999996,-47549.340000000011,223.09999999999999,82264.979999999996,-36.628732484983175
2015-02-02,0,0,0,226.53,8.0500000000000114,3.6845477846942565,89210.710000000006,-36858.5,226.53,89210.710000000006,-29.236718465991814
2015-02-01,0,0,0,218.47999999999999,-10.170000000000016,-4.4478460529193162,126069.21000000001,44775.5,218.47999999999999,126069.21000000001,55.078677058778588
2015-04-19,0,0,0,225.30000000000001,1.5400000000000205,0.68823739721130694,49976.220000000001,6241.7099999999991,225.30000000000001,49976.220000000001,14.271818753657007
2015-10-09,3,-1,4,245.75999999999999,0.29999999999998295,0.12221950623318788,42768.220000000001,-7749.7299999999959,245.75999999999999,42768.220000000001,-15.340547270821553
2015-04-18,0,0,0,223.75999999999999,-2.0,-0.88589652728561297,43734.510000000002,-29321.739999999998,223.75999999999999,43734.510000000002,-40.135840533835228
2015-10-08,4,0,4,245.46000000000001,-1.4099999999999966,-0.57115080811763141,50517.949999999997,-14331.760000000002,245.46000000000001,50517.949999999997,-22.099960046081936
2015-04-15,83,-29,112,221.75999999999999,0.0099999999999909051,0.0045095828635810173,75867.729999999996,-54915.930000000008,221.75999999999999,75867.729999999996,-41.989901490751983
2015-04-14,100,-41,141,221.75,-12.689999999999998,-5.412898822726496,130783.66,30966.300000000003,221.75,130783.66,31.0229603347554
2015-08-28,6,0,6,228.38999999999999,1.339999999999975,0.59017837480730007,93688.369999999995,32765.069999999992,228.38999999999999,93688.369999999995,53.780852317586195
2015-08-29,19,-8,27,231.81999999999999,3.4300000000000068,1.5018170672971702,46281.32,-47407.049999999996,231.81999999999999,46281.32,-50.600784280909139
2015-08-22,2,-1,3,231.69999999999999,-3.410000000000025,-1.4503849262047657,75652.630000000005,13693.250000000007,231.69999999999999,75652.630000000005,22.10036640134231
2015-08-23,3,0,3,230.28999999999999,-1.4099999999999966,-0.60854553301683068,56524.730000000003,-19127.900000000001,230.28999999999999,56524.730000000003,-25.28385331745902
2015-08-20,6,-7,13,232.78999999999999,-1.1299999999999955,-0.48307113543091462,97471.020000000004,-162133.13,232.78999999999999,97471.020000000004,-62.45398234196179
2015-08-21,12,-5,17,235.11000000000001,2.3200000000000216,0.99660638343572383,61959.379999999997,-35511.640000000007,235.11000000000001,61959.379999999997,-36.433023887510366
2015-08-26,2,-1,3,225.87,11.569999999999993,5.3989734017732118,98979.440000000002,-110036.78,225.87,98979.440000000002,-52.645091371377781
2015-08-27,2,0,2,227.05000000000001,1.1800000000000068,0.52242440341789831,60923.300000000003,-38056.139999999999,227.05000000000001,60923.300000000003,-38.448530321044451
2015-08-24,4,-2,6,221.77000000000001,-8.5199999999999818,-3.6996830083807297,193238.31,136713.57999999999,221.77000000000001,193238.31,241.86507392428055
2015-08-25,2,-1,3,214.30000000000001,-7.4699999999999989,-3.3683546016142847,209016.22,15777.910000000003,214.30000000000001,209016.22,8.1650010290402584
2015-04-26,46,-15,61,220.36000000000001,-10.089999999999975,-4.3783901063137236,102789.57000000001,57919.860000000008,220.36000000000001,102789.57000000001,129.08454277952768
2015-04-27,52,-25,77,220.74000000000001,0.37999999999999545,0.1724450898529658,119045.21000000001,16255.639999999999,220.74000000000001,119045.21000000001,15.814483901430854
2015-04-24,0,0,0,233.31,-2.3199999999999932,-0.98459449136357557,69636.919999999998,26163.509999999995,233.31,69636.919999999998,60.182787593611799
2015-04-25,0,0,0,230.44999999999999,-2.8600000000000136,-1.2258368694012316,44869.709999999999,-24767.209999999999,230.44999999999999,44869.709999999999,-35.566205397941211
2015-04-22,0,0,0,236.09999999999999,9.2599999999999909,4.0821724563568997,78077.460000000006,-6695.2899999999936,236.09999999999999,78077.460000000006,-7.8979271051133688
2015-04-23,0,0,0,235.63,-0.46999999999999886,-0.19906819144430279,43473.410000000003,-34604.050000000003,235.63,43473.410000000003,-44.320153345152363
2015-04-20,0,0,0,224.5,-0.80000000000001137,-0.35508211273857582,59206.220000000001,9230.0,224.5,59206.220000000001,18.46878375355319
2015-04-21,0,0,0,226.84,2.3400000000000034,1.0423162583518946,84772.75,25566.529999999999,226.84,84772.75,43.182169035618209
2015-04-28,95,-31,126,227.12,6.3799999999999955,2.890278155295821,80404.020000000004,-38641.190000000002,227.12,80404.020000000004,-32.459256445513432
2015-04-29,104,-33,137,226.44,-0.68000000000000682,-0.29940119760479345,60261.169999999998,-20142.850000000006,226.44,60261.169999999998,-25.052043417729621
2015-03-18,0,0,0,275.74000000000001,-14.939999999999998,-5.1396724920875183,186557.70999999999,126883.34999999999,275.74000000000001,186557.70999999999,212.6262434988829
2015-03-19,5,0,5,257.63,-18.110000000000014,-6.5677812432001215,176683.72,-9873.9899999999907,257.63,176683.72,-5.2927268457572678
2015-03-12,90,-33,123,295.25,1.160000000000025,0.39443707708525461,66300.100000000006,-4345.9499999999971,295.25,66300.100000000006,-6.1517239817371205
2015-03-13,107,-31,138,291.95999999999998,-3.2900000000000205,-1.1143099068586013,88666.619999999995,22366.51999999999,291.95999999999998,88666.619999999995,33.735273400794249
2015-03-10,0,0,0,294.19999999999999,12.310000000000002,4.366951647805883,161298.95000000001,21576.74000000002,294.19999999999999,161298.95000000001,15.442598567543428
2015-03-11,0,0,0,294.08999999999997,-0.11000000000001364,-0.037389530931343867,70646.050000000003,-90652.900000000009,294.08999999999997,70646.050000000003,-56.201791766158429
2015-03-16,69,-31,100,291.43000000000001,6.4800000000000182,2.2740831724864075,59509.650000000001,24340.849999999999,291.43000000000001,59509.650000000001,69.211488592161217
2015-03-17,94,-22,116,290.68000000000001,-0.75,-0.25735167964862915,59674.360000000001,164.70999999999913,290.68000000000001,59674.360000000001,0.2767786401029062
2015-03-14,66,-40,106,284.19,-7.7699999999999818,-2.6613234689683458,74356.259999999995,-14310.360000000001,284.19,74356.259999999995,-16.139512253878632
2015-03-15,64,-28,92,284.94999999999999,0.75999999999999091,0.26742672155951686,35168.800000000003,-39187.459999999992,284.94999999999999,35168.800000000003,-52.702301057099966
2015-10-05,2,-2,4,239.99000000000001,-0.98999999999998067,-0.41082247489417406,66838.089999999997,30893.75,239.99000000000001,66838.089999999997,85.948858707657465
2015-10-04,2,-1,3,240.97999999999999,1.0600000000000023,0.44181393797932739,35944.339999999997,-13009.950000000004,240.97999999999999,35944.339999999997,-26.575709707974532
2015-10-07,8,0,8,246.87,2.4099999999999966,0.98584635523193842,64849.709999999999,-23719.060000000005,246.87,64849.709999999999,-26.780387714540922
2015-10-06,2,-1,3,244.46000000000001,4.4699999999999989,1.8625776074003078,88568.770000000004,21730.680000000008,244.46000000000001,88568.770000000004,32.512419190913455
2015-05-18,0,0,0,237.19,-1.1400000000000148,-0.47832836822893243,50755.279999999999,22582.869999999999,237.19,50755.279999999999,80.15952486847948
2015-05-19,0,0,0,234.28999999999999,-2.9000000000000057,-1.2226485096336295,43701.470000000001,-7053.8099999999977,234.28999999999999,43701.470000000001,-13.897687097775831
2015-10-03,5,0,5,239.91999999999999,0.78000000000000114,0.32616877143096146,48954.290000000001,-5421.3399999999965,239.91999999999999,48954.290000000001,-9.9701649433762825
2015-10-02,1,-3,4,239.13999999999999,0.62999999999999545,0.26413986834933356,54375.629999999997,-6035.3500000000058,239.13999999999999,54375.629999999997,-9.9904851733906739
2015-05-14,80,-29,109,242.02000000000001,-2.2199999999999989,-0.90894202423845349,86021.600000000006,23293.600000000006,242.02000000000001,86021.600000000006,37.134294095140937
2015-05-15,75,-32,107,242.02000000000001,0.0,0.0,86021.600000000006,0.0,242.02000000000001,86021.600000000006,0.0
2015-05-16,48,-23,71,238.88,-3.1400000000000148,-1.2974134369060468,34072.940000000002,-51948.660000000003,238.88,34072.940000000002,-60.390250820724098
2015-05-17,46,-19,65,238.33000000000001,-0.54999999999998295,-0.230241125251165,28172.41,-5900.5300000000025,238.33000000000001,28172.41,-17.317349192643789
2015-05-10,47,-24,71,242.53999999999999,-1.0999999999999943,-0.45148579871941974,45902.18,-17305.050000000003,242.53999999999999,45902.18,-27.378276187708277
2015-05-11,63,-23,86,242.15000000000001,-0.38999999999998636,-0.16079821885049325,63103.959999999999,17201.779999999999,242.15000000000001,63103.959999999999,37.474865028196916
2015-05-12,96,-31,127,242.66999999999999,0.51999999999998181,0.21474292793722147,57316.339999999997,-5787.6200000000026,242.66999999999999,57316.339999999997,-9.1715638764984053
2015-05-13,129,-26,155,244.24000000000001,1.5700000000000216,0.64696913503936282,62728.0,5411.6600000000035,244.24000000000001,62728.0,9.441740348389315
2015-01-25,54,-44,98,248.56,11.009999999999991,4.6348137234266433,111023.64,26216.490000000005,248.56,111023.64,30.91306570259702
2015-01-24,113,-38,151,237.55000000000001,7.0100000000000193,3.0406870825019605,84807.149999999994,-5033.2100000000064,237.55000000000001,84807.149999999994,-5.6023929556827312
2015-01-27,0,0,0,261.48000000000002,-19.149999999999977,-6.823931867583644,150802.01999999999,-208104.81000000003,261.48000000000002,150802.01999999999,-57.982961761970373
2015-01-26,36,-15,51,280.63,32.069999999999993,12.902317347924038,358906.83000000002,247883.19,280.63,358906.83000000002,223.27063857751375
2015-01-21,0,0,0,215.13999999999999,3.6499999999999773,1.7258499219821162,111781.03,12760.470000000001,215.13999999999999,111781.03,12.886687370784411
2015-01-20,0,0,0,211.49000000000001,-0.34999999999999432,-0.16521903323262571,99020.559999999998,29587.25,211.49000000000001,99020.559999999998,42.61247231336084
2015-01-23,149,-47,196,230.53999999999999,-1.6299999999999955,-0.70207175776370567,89840.360000000001,-38353.300000000003,230.53999999999999,89840.360000000001,-29.918250247321126
2015-01-22,141,-46,187,232.16999999999999,17.030000000000001,7.9157757739146613,128193.66,16412.630000000005,232.16999999999999,128193.66,14.68284019211489
2015-01-29,122,-67,189,232.22,-21.840000000000003,-8.5963945524679222,124452.33,-42126.830000000002,232.22,124452.33,-25.289375933940356
2015-01-28,83,-30,113,254.06,-7.4200000000000159,-2.8376931314058496,166579.16,15777.140000000014,254.06,166579.16,10.462154286792719
